"Metric","Value"
"MSE",0.0378071837860822
"RMSE",0.194440694778851
"Mean_Inflation_Pct",18.1655070338679
"N_Winners",9
