"Metric","Value"
"MSE",0.00443970618835419
"RMSE",0.0666311202693921
"Mean_Inflation_Pct",23.891823740782
"N_Winners",3
