"Metric","Value"
"MSE",0.037807183786082
"RMSE",0.19444069477885
"Mean_Inflation_Pct",18.1655070338678
"N_Winners",9
