"mean_power","expected_hits"
0.054500276277469,5.4500276277469
