"mean_power","expected_hits"
0.0987266459144539,9.87266459144539
