"mean_power","expected_hits"
0.00669652855749257,0.669652855749257
