"snp_id","beta_hat","se","pval","true_beta","is_causal","z_score","bias","bias_sq","bias_pct","type"
"SNP_2444",0.341328758872761,0.051366429136618,4.97951042768585e-11,0.29564442923421,TRUE,6.64497736381359,0.0456843296385511,0.0020870579745238,15.4524574526516,"Inflated (Curse)"
"SNP_2805",-0.341675932903078,0.0518334869209923,7.02766463056021e-11,-0.244414148153862,TRUE,6.59179910901771,-0.0972617847492164,0.0094598547726029,39.7938439668349,"Inflated (Curse)"
"SNP_3141",-0.298334350591371,0.0517914263755941,1.11760432892427e-08,-0.256236775626346,TRUE,5.76030380835304,-0.0420975749650245,0.00177220581793586,16.4291698028595,"Inflated (Curse)"
