"snp_id","beta_hat","se","pval","true_beta","is_causal","z_score","bias","bias_sq","bias_pct","type"
"SNP_45",1.38136314825751,0.160761382596337,1.68416287807879e-17,1.51862775909193,TRUE,8.59263043119027,-0.137264610834424,0.018841573387526,-9.03872657487193,"Underestimated"
"SNP_113",-1.07442665328907,0.158516918068036,1.59846007761518e-11,-0.751292550358909,TRUE,6.77799358190856,-0.323134102930162,0.104415648476481,43.0104228739915,"Inflated (Curse)"
"SNP_187",1.71315840015467,0.157882317291099,1.07913412938722e-26,1.57574918501408,TRUE,10.8508566985117,0.137409215140584,0.0188812924055513,8.72024662601084,"Inflated (Curse)"
"SNP_189",1.155763668025,0.159756322407911,6.6266209717082e-13,1.01776579688465,TRUE,7.23454102225736,0.137997871140352,0.0190434124392693,13.5589024078781,"Inflated (Curse)"
"SNP_498",1.17380853299797,0.161140580020891,4.62820525234041e-13,0.859275029419095,TRUE,7.28437574722512,0.314533503578871,0.0989313248735994,36.604520416648,"Inflated (Curse)"
"SNP_621",-1.16295756478247,0.157968568672065,2.63514072968029e-13,-1.0473692744783,TRUE,7.36195544821775,-0.11558829030417,0.013360652855441,11.036058925993,"Inflated (Curse)"
"SNP_862",-0.893814343719396,0.160547295367287,2.93632622285743e-08,-0.690914878868236,TRUE,5.56729617695896,-0.202899464851161,0.0411681928368874,29.3667817927909,"Inflated (Curse)"
"SNP_873",-1.18629866134264,0.165422626543926,1.04143894708147e-12,-1.2011581931521,TRUE,7.17132043014465,0.0148595318094558,0.000220805685596228,-1.23710031652543,"Underestimated"
"SNP_923",-1.61932374769237,0.1543608765618,4.23241668185083e-25,-1.45994447954752,TRUE,10.490506297715,-0.159379268144847,0.0254017511143869,10.9168033701009,"Inflated (Curse)"
