"snp_id","beta_hat","se","pval","true_beta","is_causal","z_score","bias","bias_sq","bias_pct","type"
"SNP_45",1.38136314825751,0.160761382596337,1.68416287807884e-17,1.51862775909193,TRUE,8.59263043119027,-0.137264610834425,0.0188415733875262,-9.03872657487197,"Underestimated"
"SNP_113",-1.07442665328907,0.158516918068036,1.59846007761539e-11,-0.751292550358909,TRUE,6.77799358190854,-0.323134102930159,0.104415648476479,43.0104228739911,"Inflated (Curse)"
"SNP_187",1.71315840015467,0.157882317291099,1.07913412938722e-26,1.57574918501408,TRUE,10.8508566985117,0.137409215140584,0.0188812924055513,8.72024662601084,"Inflated (Curse)"
"SNP_189",1.155763668025,0.159756322407911,6.62662097170798e-13,1.01776579688465,TRUE,7.23454102225737,0.137997871140353,0.0190434124392695,13.5589024078781,"Inflated (Curse)"
"SNP_498",1.17380853299797,0.161140580020891,4.6282052523397e-13,0.859275029419095,TRUE,7.28437574722514,0.314533503578874,0.0989313248736014,36.6045204166484,"Inflated (Curse)"
"SNP_621",-1.16295756478247,0.157968568672065,2.63514072967989e-13,-1.0473692744783,TRUE,7.36195544821778,-0.115588290304173,0.0133606528554418,11.0360589259933,"Inflated (Curse)"
"SNP_862",-0.893814343719393,0.160547295367287,2.93632622285777e-08,-0.690914878868236,TRUE,5.56729617695894,-0.202899464851157,0.0411681928368861,29.3667817927905,"Inflated (Curse)"
"SNP_873",-1.18629866134264,0.165422626543926,1.0414389470815e-12,-1.2011581931521,TRUE,7.17132043014464,0.0148595318094564,0.000220805685596247,-1.23710031652549,"Underestimated"
"SNP_923",-1.61932374769237,0.1543608765618,4.23241668184951e-25,-1.45994447954752,TRUE,10.490506297715,-0.159379268144851,0.0254017511143884,10.9168033701013,"Inflated (Curse)"
