"Metric","Value"
"MSE",0.000943312301947522
"RMSE",0.0307133896199609
"Mean_Inflation_Pct",5.84931472268013
"N_Winners",82
