"Metric","Value"
"MSE",0.000943312301947739
"RMSE",0.0307133896199644
"Mean_Inflation_Pct",5.84931472268059
"N_Winners",82
