"Metric","Value"
"MSE",0.00448407293643519
"RMSE",0.0669632207740577
"Mean_Inflation_Pct",10.245342073236
"N_Winners",47
