"mean_power","expected_hits"
0.743120158447116,74.3120158447116
