"mean_power","expected_hits"
0.465743473632057,23.2871736816029
