"mean_power","expected_hits"
0.697634977002627,69.7634977002627
