"mean_power","expected_hits"
0.621160119594046,62.1160119594046
