"Metric","Value"
"MSE",0.00493677052921657
"RMSE",0.0702621557398901
"Mean_Inflation_Pct",8.94764620636623
"N_Winners",40
