"Metric","Value"
"MSE",0.00496939586799498
"RMSE",0.070493942065932
"Mean_Inflation_Pct",15.6335323106224
"N_Winners",10
