"Metric","Value"
"MSE",0.00493677052921695
"RMSE",0.0702621557398928
"Mean_Inflation_Pct",8.94764620636658
"N_Winners",40
