"mean_power","expected_hits"
0.288610307759581,28.8610307759581
