"mean_power","expected_hits"
0.344742239454464,34.4742239454464
