"mean_power","expected_hits"
0.368158161781847,36.8158161781847
